tree_type,d,low_key,high_key,gender_filter,range_time_sec,matched_count,avg_gpa,avg_height,raw_pair_count,brute_count,brute_avg_gpa,brute_avg_height,valid
BTree,3,202278651,202419537,Male,0.109096857,10031,3.297161798,173.972734523,20001,10031,3.297161798,173.972734523,True
BPlusTree,3,202278651,202419537,Male,0.059435247,10031,3.297161798,173.972734523,20001,10031,3.297161798,173.972734523,True
BStarTree,3,202278651,202419537,Male,0.102692935,10031,3.297161798,173.972734523,20001,10031,3.297161798,173.972734523,True
BTree,5,202278651,202419537,Male,0.061784345,10031,3.297161798,173.972734523,20001,10031,3.297161798,173.972734523,True
BPlusTree,5,202278651,202419537,Male,0.037943529,10031,3.297161798,173.972734523,20001,10031,3.297161798,173.972734523,True
BStarTree,5,202278651,202419537,Male,0.080851044,10031,3.297161798,173.972734523,20001,10031,3.297161798,173.972734523,True
BTree,10,202278651,202419537,Male,1.528637001,10031,3.297161798,173.972734523,20001,10031,3.297161798,173.972734523,True
BPlusTree,10,202278651,202419537,Male,0.031978329,10031,3.297161798,173.972734523,20001,10031,3.297161798,173.972734523,True
BStarTree,10,202278651,202419537,Male,0.053563685,10031,3.297161798,173.972734523,20001,10031,3.297161798,173.972734523,True
